{
  "Magic Shop": {
    "shopkeeper": "Mystra the Wise",
    "buy_markup": 1.0,
    "sell_rate": 0.5,
    "inventory": {
      "Healing Potion": { "stock": 12, "rarity": "common" },
      "Mana Elixir": { "stock": 8, "rarity": "uncommon" },
      "Lesser Healing Potion": { "stock": 15, "rarity": "common" },
      "Basic Mana Potion": { "stock": 10, "rarity": "common" },
      "Scroll of Fireball": { "stock": 1, "rarity": "rare" },
      "Potion of Invisibility": { "stock": 5, "rarity": "uncommon" },
      "Wand of Magic Missiles": { "stock": 3, "rarity": "uncommon" },
      "Wand of Lightning": { "stock": 1, "rarity": "rare" },
      "Ring of Minor Protection": { "stock": 4, "rarity": "uncommon" },
      "Amulet of Wisdom": { "stock": 1, "rarity": "epic" },
      "Tome of Arcane Knowledge": { "stock": 1, "rarity": "legendary" },
      "Boots of Speed": { "stock": 3, "rarity": "uncommon" },
      "Crystal Ball": { "stock": 1, "rarity": "epic" },
      "Phoenix Feather": { "stock": 3, "rarity": "rare" },
      "Elixir of Giant Strength": { "stock": 0, "rarity": "epic" },
      "Scroll of Teleportation": { "stock": 1, "rarity": "rare" },
      "Cloak of Shadows": { "stock": 1, "rarity": "epic" },
      "Orb of Time": { "stock": 0, "rarity": "legendary" },
      "Staff of the Archmage": { "stock": 1, "rarity": "legendary" },
      "Bag of Holding": { "stock": 2, "rarity": "epic" },
      "Mirror of Truth": { "stock": 1, "rarity": "rare" },
      "Ring of Spell Storing": { "stock": 1, "rarity": "epic" },
      "Wand of Polymorph": { "stock": 0, "rarity": "legendary" },
      "Tome of Ancient Languages": { "stock": 1, "rarity": "rare" },
      "Potion of Flying": { "stock": 3, "rarity": "epic" },
      "Scroll of Meteor Swarm": { "stock": 0, "rarity": "legendary" },
      "Hat of Disguise": { "stock": 4, "rarity": "uncommon" },
      "Bracers of Defense": { "stock": 2, "rarity": "rare" },
      "Arcane Focus (Crystal)": { "stock": 6, "rarity": "common" },
      "Arcane Focus (Wand)": { "stock": 5, "rarity": "common" },
      "Arcane Focus (Orb)": { "stock": 4, "rarity": "common" },
      "Component Pouch": { "stock": 7, "rarity": "common" },
      "Scroll of Light": { "stock": 10, "rarity": "common" },
      "Scroll of Mage Hand": { "stock": 8, "rarity": "common" },
      "Scroll of Prestidigitation": { "stock": 9, "rarity": "common" },
      "Potion of Climbing": { "stock": 5, "rarity": "uncommon" },
      "Potion of Animal Friendship": { "stock": 4, "rarity": "uncommon" },
      "Dust of Disappearance": { "stock": 2, "rarity": "uncommon" },
      "Gem of Brightness": { "stock": 3, "rarity": "uncommon" }
    }
  },
  "Blacksmith": {
    "shopkeeper": "Durnan Ironfist",
    "buy_markup": 1.2,
    "sell_rate": 0.6,
    "inventory": {
      "Iron Sword": { "stock": 5, "rarity": "common" },
      "Steel Shield": { "stock": 4, "rarity": "uncommon" },
      "Flameforged Axe": { "stock": 0, "rarity": "rare" },
      "Mithril Armor": { "stock": 1, "rarity": "epic" },
      "Dagger of Venom": { "stock": 5, "rarity": "uncommon" },
      "Greatsword of the Titans": { "stock": 0, "rarity": "legendary" },
      "Chainmail of Resistance": { "stock": 2, "rarity": "rare" },
      "Warhammer of Crushing": { "stock": 1, "rarity": "epic" },
      "Crossbow of Precision": { "stock": 3, "rarity": "uncommon" },
      "Dragon Scale Armor": { "stock": 0, "rarity": "legendary" },
      "Gauntlets of Power": { "stock": 1, "rarity": "epic" },
      "Halberd of the Wind": { "stock": 1, "rarity": "rare" },
      "Obsidian Dagger": { "stock": 3, "rarity": "uncommon" },
      "Tower Shield": { "stock": 6, "rarity": "common" },
      "Adamantine Longsword": { "stock": 1, "rarity": "epic" },
      "Vorpal Blade": { "stock": 0, "rarity": "legendary" },
      "Dwarven Plate Mail": { "stock": 1, "rarity": "epic" },
      "Rapier of the Fencer": { "stock": 2, "rarity": "rare" },
      "Greataxe of the Berserker": { "stock": 1, "rarity": "epic" },
      "Mace of Disruption": { "stock": 0, "rarity": "legendary" },
      "Silvered Shortsword": { "stock": 5, "rarity": "uncommon" },
      "Full Plate Armor": { "stock": 1, "rarity": "rare" },
      "Javelin of Lightning": { "stock": 3, "rarity": "rare" },
      "Animated Shield": { "stock": 0, "rarity": "legendary" },
      "Iron Dagger": { "stock": 8, "rarity": "common" },
      "Steel Longsword": { "stock": 4, "rarity": "common" },
      "Handaxe": { "stock": 7, "rarity": "common" },
      "War Pick": { "stock": 3, "rarity": "common" },
      "Light Hammer": { "stock": 5, "rarity": "common" },
      "Sickle": { "stock": 6, "rarity": "common" },
      "Spear": { "stock": 5, "rarity": "common" },
      "Quarterstaff": { "stock": 8, "rarity": "common" },
      "Shortbow": { "stock": 4, "rarity": "common" },
      "Arrows (20)": { "stock": 20, "rarity": "common" },
      "Crossbow Bolts (20)": { "stock": 15, "rarity": "common" },
      "Leather Armor": { "stock": 7, "rarity": "common" },
      "Studded Leather Armor": { "stock": 3, "rarity": "uncommon" },
      "Scale Mail": { "stock": 4, "rarity": "uncommon" },
      "Chain Shirt": { "stock": 5, "rarity": "uncommon" },
      "Breastplate": { "stock": 2, "rarity": "uncommon" },
      "Half Plate Armor": { "stock": 1, "rarity": "rare" }
    }
  },
  "Alchemist": {
    "shopkeeper": "Zorander the Mad",
    "buy_markup": 1.1,
    "sell_rate": 0.55,
    "inventory": {
      "Potion of Healing": { "stock": 20, "rarity": "common" },
      "Elixir of Vigor": { "stock": 8, "rarity": "uncommon" },
      "Philosopher's Stone": { "stock": 0, "rarity": "legendary" },
      "Vial of Dragon's Blood": { "stock": 2, "rarity": "epic" },
      "Potion of Water Breathing": { "stock": 6, "rarity": "uncommon" },
      "Essence of Nightvision": { "stock": 5, "rarity": "rare" },
      "Tonic of Levitation": { "stock": 2, "rarity": "rare" },
      "Oil of Sharpness": { "stock": 12, "rarity": "common" },
      "Potion of Giant Growth": { "stock": 2, "rarity": "epic" },
      "Elixir of Truth": { "stock": 1, "rarity": "rare" },
      "Potion of Mind Reading": { "stock": 0, "rarity": "epic" },
      "Elixir of Youth": { "stock": 0, "rarity": "legendary" },
      "Acid Vial": { "stock": 15, "rarity": "common" },
      "Potion of Animal Friendship": { "stock": 5, "rarity": "uncommon" },
      "Nectar of the Gods": { "stock": 1, "rarity": "legendary" },
      "Potion of Fire Resistance": { "stock": 3, "rarity": "rare" },
      "Elixir of the Sun Soul": { "stock": 1, "rarity": "epic" },
      "Mercury Solution": { "stock": 7, "rarity": "uncommon" },
      "Potion of Gaseous Form": { "stock": 2, "rarity": "rare" },
      "Tears of the Moon": { "stock": 0, "rarity": "legendary" },
      "Antidote": { "stock": 15, "rarity": "common" },
      "Potion of Clairvoyance": { "stock": 3, "rarity": "rare" },
      "Elixir of the Phoenix": { "stock": 1, "rarity": "epic" },
      "Potion of Stone Skin": { "stock": 4, "rarity": "rare" },
      "Alchemist's Fire": { "stock": 10, "rarity": "common" },
      "Holy Water": { "stock": 8, "rarity": "common" },
      "Basic Poison": { "stock": 6, "rarity": "common" },
      "Healing Salve": { "stock": 12, "rarity": "common" },
      "Smelling Salts": { "stock": 9, "rarity": "common" },
      "Herbal Poultice": { "stock": 10, "rarity": "common" },
      "Potion of Climbing": { "stock": 5, "rarity": "uncommon" },
      "Potion of Diminution": { "stock": 3, "rarity": "uncommon" },
      "Potion of Growth": { "stock": 4, "rarity": "uncommon" },
      "Potion of Heroism": { "stock": 2, "rarity": "uncommon" },
      "Potion of Mind Sharpening": { "stock": 3, "rarity": "uncommon" },
      "Potion of Resistance": { "stock": 4, "rarity": "uncommon" }
    }
  },
  "General Store": {
    "shopkeeper": "Old Man Jenkins",
    "buy_markup": 1.05,
    "sell_rate": 0.4,
    "inventory": {
      "Torch": { "stock": 30, "rarity": "common" },
      "Rope (50ft)": { "stock": 15, "rarity": "common" },
      "Grappling Hook": { "stock": 8, "rarity": "common" },
      "Backpack": { "stock": 12, "rarity": "common" },
      "Bedroll": { "stock": 20, "rarity": "common" },
      "Waterskin": { "stock": 25, "rarity": "common" },
      "Lockpick Set": { "stock": 5, "rarity": "uncommon" },
      "Compass": { "stock": 3, "rarity": "uncommon" },
      "Spyglass": { "stock": 1, "rarity": "rare" },
      "Merchant's Scale": { "stock": 6, "rarity": "common" },
      "Fishing Tackle": { "stock": 10, "rarity": "common" },
      "Cooking Kit": { "stock": 8, "rarity": "common" },
      "Lantern": { "stock": 10, "rarity": "common" },
      "Iron Pot": { "stock": 12, "rarity": "common" },
      "Map Case": { "stock": 5, "rarity": "uncommon" },
      "Hourglass": { "stock": 3, "rarity": "uncommon" },
      "Magnifying Glass": { "stock": 2, "rarity": "uncommon" },
      "Signal Whistle": { "stock": 6, "rarity": "common" },
      "Blanket": { "stock": 15, "rarity": "common" },
      "Ink and Quill Set": { "stock": 8, "rarity": "common" },
      "Whetstone": { "stock": 12, "rarity": "common" },
      "Tinderbox": { "stock": 20, "rarity": "common" },
      "Soap": { "stock": 25, "rarity": "common" },
      "Mirror (Steel)": { "stock": 5, "rarity": "common" },
      "Chalk": { "stock": 30, "rarity": "common" },
      "Charcoal": { "stock": 20, "rarity": "common" },
      "Parchment (10 sheets)": { "stock": 15, "rarity": "common" },
      "Sealing Wax": { "stock": 8, "rarity": "common" },
      "Sewing Needle": { "stock": 25, "rarity": "common" },
      "Thread (50ft)": { "stock": 20, "rarity": "common" },
      "Candle": { "stock": 40, "rarity": "common" },
      "Vial": { "stock": 15, "rarity": "common" },
      "Sack": { "stock": 20, "rarity": "common" },
      "Basket": { "stock": 10, "rarity": "common" },
      "Bucket": { "stock": 8, "rarity": "common" },
      "Shovel": { "stock": 6, "rarity": "common" },
      "Hammer": { "stock": 7, "rarity": "common" },
      "Pitons (10)": { "stock": 12, "rarity": "common" },
      "Manacles": { "stock": 3, "rarity": "uncommon" },
      "Chain (10ft)": { "stock": 5, "rarity": "uncommon" },
      "Crowbar": { "stock": 4, "rarity": "uncommon" },
      "Drill": { "stock": 3, "rarity": "uncommon" },
      "Ladder (10ft)": { "stock": 2, "rarity": "uncommon" },
      "Pulley": { "stock": 3, "rarity": "uncommon" },
      "Saw": { "stock": 4, "rarity": "uncommon" }
    }
  },
  "Arcane Library": {
    "shopkeeper": "Eldrin the Sage",
    "buy_markup": 1.3,
    "sell_rate": 0.7,
    "inventory": {
      "Spellbook (Blank)": { "stock": 15, "rarity": "common" },
      "Scroll of Identify": { "stock": 8, "rarity": "uncommon" },
      "Tome of Elemental Magic": { "stock": 1, "rarity": "epic" },
      "Manual of Golems": { "stock": 0, "rarity": "legendary" },
      "Grimoire of Necromancy": { "stock": 1, "rarity": "epic" },
      "Scroll of Comprehend Languages": { "stock": 5, "rarity": "uncommon" },
      "Book of Ancient Runes": { "stock": 2, "rarity": "rare" },
      "Atlas of the Planes": { "stock": 1, "rarity": "epic" },
      "Codex of Divine Magic": { "stock": 1, "rarity": "epic" },
      "Scroll of Detect Magic": { "stock": 12, "rarity": "common" },
      "Bestiary of Fantastic Creatures": { "stock": 2, "rarity": "rare" },
      "Tome of Forbidden Knowledge": { "stock": 0, "rarity": "legendary" },
      "Scroll of Mage Armor": { "stock": 10, "rarity": "common" },
      "Encyclopedia Arcana": { "stock": 1, "rarity": "epic" },
      "Scroll of Feather Fall": { "stock": 6, "rarity": "uncommon" },
      "Book of Counter-Spells": { "stock": 1, "rarity": "rare" },
      "Scroll of Magic Missile": { "stock": 15, "rarity": "common" },
      "Almanac of the Stars": { "stock": 2, "rarity": "rare" },
      "Scroll of Shield": { "stock": 8, "rarity": "common" },
      "Tome of Ultimate Power": { "stock": 0, "rarity": "legendary" },
      "Scroll of Light": { "stock": 20, "rarity": "common" },
      "Scroll of Mending": { "stock": 15, "rarity": "common" },
      "Scroll of Message": { "stock": 12, "rarity": "common" },
      "Scroll of Prestidigitation": { "stock": 18, "rarity": "common" },
      "Scroll of Thaumaturgy": { "stock": 10, "rarity": "common" },
      "Scroll of Dancing Lights": { "stock": 12, "rarity": "common" },
      "Scroll of True Strike": { "stock": 10, "rarity": "common" },
      "Scroll of Blade Ward": { "stock": 8, "rarity": "common" },
      "Scroll of Friends": { "stock": 5, "rarity": "uncommon" },
      "Scroll of Alarm": { "stock": 6, "rarity": "uncommon" },
      "Scroll of Color Spray": { "stock": 4, "rarity": "uncommon" },
      "Scroll of Disguise Self": { "stock": 5, "rarity": "uncommon" },
      "Scroll of Silent Image": { "stock": 4, "rarity": "uncommon" },
      "Scroll of Sleep": { "stock": 5, "rarity": "uncommon" },
      "Scroll of Tasha's Hideous Laughter": { "stock": 3, "rarity": "uncommon" }
    }
  },
  "Thieves' Guild Outpost": {
    "shopkeeper": "The Shadow",
    "buy_markup": 1.5,
    "sell_rate": 0.3,
    "inventory": {
      "Thieves' Tools": { "stock": 6, "rarity": "uncommon" },
      "Cloak of Elvenkind": { "stock": 1, "rarity": "rare" },
      "Smoke Bomb": { "stock": 15, "rarity": "common" },
      "Ring of Lockpicking": { "stock": 1, "rarity": "epic" },
      "Boots of Silent Step": { "stock": 2, "rarity": "rare" },
      "Poison (Basic)": { "stock": 5, "rarity": "uncommon" },
      "Gloves of Thievery": { "stock": 1, "rarity": "epic" },
      "Grappling Hook (Silent)": { "stock": 3, "rarity": "uncommon" },
      "Dagger of Returning": { "stock": 1, "rarity": "rare" },
      "Hood of Disguise": { "stock": 4, "rarity": "uncommon" },
      "Caltrops": { "stock": 20, "rarity": "common" },
      "Lock of Trickery": { "stock": 2, "rarity": "rare" },
      "Poison (Wyvern)": { "stock": 1, "rarity": "epic" },
      "Silent Slippers": { "stock": 5, "rarity": "uncommon" },
      "Crystal Shard (Message)": { "stock": 10, "rarity": "common" },
      "Map of Secret Passages": { "stock": 1, "rarity": "rare" },
      "Blackjack": { "stock": 10, "rarity": "common" },
      "Master Key": { "stock": 0, "rarity": "epic" },
      "Coin of False Identity": { "stock": 1, "rarity": "rare" },
      "Veil of Shadows": { "stock": 1, "rarity": "epic" },
      "Lockpicks": { "stock": 8, "rarity": "common" },
      "Disguise Kit": { "stock": 4, "rarity": "uncommon" },
      "Forgery Kit": { "stock": 3, "rarity": "uncommon" },
      "Poisoner's Kit": { "stock": 2, "rarity": "uncommon" },
      "Skeleton Key": { "stock": 5, "rarity": "uncommon" },
      "Smokestick": { "stock": 12, "rarity": "common" },
      "Tanglefoot Bag": { "stock": 6, "rarity": "uncommon" },
      "Thunderstone": { "stock": 8, "rarity": "common" },
      "Twine (100ft)": { "stock": 15, "rarity": "common" },
      "Wax": { "stock": 20, "rarity": "common" },
      "Wire (50ft)": { "stock": 10, "rarity": "common" },
      "Earplugs": { "stock": 12, "rarity": "common" },
      "False Bottom (for containers)": { "stock": 4, "rarity": "uncommon" },
      "Hidden Blade": { "stock": 3, "rarity": "uncommon" },
      "Hollow Coin": { "stock": 5, "rarity": "uncommon" },
      "Invisible Ink": { "stock": 6, "rarity": "uncommon" },
      "Lipstick Poison": { "stock": 2, "rarity": "rare" },
      "Pickpocket's Gloves": { "stock": 4, "rarity": "uncommon" }
    }
  },
  "Temple of Healing": {
    "shopkeeper": "Sister Seraphina",
    "buy_markup": 1.0,
    "sell_rate": 0.2,
    "inventory": {
      "Healing Potion": { "stock": 25, "rarity": "common" },
      "Potion of Cure Disease": { "stock": 8, "rarity": "uncommon" },
      "Scroll of Revivify": { "stock": 2, "rarity": "epic" },
      "Holy Water": { "stock": 20, "rarity": "common" },
      "Talisman of Protection": { "stock": 5, "rarity": "uncommon" },
      "Phoenix Down": { "stock": 1, "rarity": "legendary" },
      "Herbal Remedy Kit": { "stock": 15, "rarity": "common" },
      "Amulet of Health": { "stock": 1, "rarity": "epic" },
      "Potion of Neutralize Poison": { "stock": 6, "rarity": "uncommon" },
      "Staff of Healing": { "stock": 1, "rarity": "epic" },
      "Blessed Bandages": { "stock": 30, "rarity": "common" },
      "Scroll of Remove Curse": { "stock": 1, "rarity": "rare" },
      "Elixir of Restoration": { "stock": 3, "rarity": "rare" },
      "Symbol of Faith": { "stock": 8, "rarity": "uncommon" },
      "Tears of the Saint": { "stock": 0, "rarity": "legendary" },
      "Poultice of Mending": { "stock": 20, "rarity": "common" },
      "Ring of Regeneration": { "stock": 0, "rarity": "legendary" },
      "Censer of Purification": { "stock": 3, "rarity": "rare" },
      "Chalice of Life": { "stock": 1, "rarity": "epic" },
      "Scroll of Greater Restoration": { "stock": 0, "rarity": "legendary" },
      "Antitoxin": { "stock": 15, "rarity": "common" },
      "Healer's Kit": { "stock": 10, "rarity": "common" },
      "Holy Symbol": { "stock": 12, "rarity": "common" },
      "Incense": { "stock": 20, "rarity": "common" },
      "Prayer Beads": { "stock": 8, "rarity": "common" },
      "Purified Water": { "stock": 25, "rarity": "common" },
      "Sanctified Oil": { "stock": 10, "rarity": "common" },
      "Soothing Balm": { "stock": 15, "rarity": "common" },
      "Talisman Against Disease": { "stock": 5, "rarity": "uncommon" },
      "Talisman Against Poison": { "stock": 4, "rarity": "uncommon" },
      "Warding Charm": { "stock": 6, "rarity": "uncommon" },
      "Blessed Candle": { "stock": 20, "rarity": "common" },
      "Consecrated Ground Powder": { "stock": 8, "rarity": "uncommon" },
      "Divination Bones": { "stock": 5, "rarity": "uncommon" },
      "Dream Catcher": { "stock": 4, "rarity": "uncommon" },
      "Healing Chime": { "stock": 3, "rarity": "uncommon" },
      "Peace Pipe": { "stock": 2, "rarity": "uncommon" },
      "Purification Salt": { "stock": 10, "rarity": "common" }
    }
  },
  "Inn": {
    "shopkeeper": "Tilda the Innkeeper",
    "buy_markup": 1.0,
    "sell_rate": 0.0,
    "inn_rate_per_night": 15,
    "inventory": {
      "Room Stay (1 Night)": {
        "stock": 9999,
        "rarity": "common"
      },
      "Meal and Drink": {
        "stock": 9999,
        "rarity": "common"
      },
      "Stable Services": {
        "stock": 9999,
        "rarity": "common"
      }
    }
  }
}